label,text
0,For he is not a competent leader since he didn't have a college degree and there's now news that he didn't fulfill one of his promises furing his campaign period
0,There is no concrete evidence that President Bongbong Marcos Jr. is fulfilling his campaign promises.
1,"President Ferdinand ""Bongbong / BBM"" Marcos Jr. is a competent leader because he has been able to create policies that have improved the country's economic status, and he has a proven track record of implementing successful projects during his time as a governor and a senator."
1,"BBM has shown significant progress in fulfilling his promises, such as the infrastructure development program that he launched during his campaign. The program has brought numerous benefits to the people and created job opportunities for the country's citizens."
0,"President Ferdinand ""Bongbong / BBM"" Marcos Jr. is not a competent leader because he has a history of corruption and human rights violations, which casts doubts about his ability to lead the country with integrity and fairness."
0,"There is a lack of transparency in BBM's leadership, and his administration's decision-making processes are not accessible to the public, making it difficult to evaluate his competence."
1, Some people may view President Bongbong Marcos Jr. as a competent leader based on their personal beliefs and biases.
0,"The track record of the Marcos family in leadership positions is not exactly impressive, which makes it hard to believe that President Bongbong Marcos Jr. is a competent leader."
0,Competence should not only be measured by fulfilling campaign promises but also by ethical standards and accountability.
0,It's too early to tell whether President Bongbong Marcos Jr. is a competent leader since he hasn't been in office long enough.
1,There are some positive actions that President Bongbong Marcos Jr. has taken since taking office that could be seen as fulfilling campaign promises.
0,"Many Filipinos are still suffering from the effects of martial law under the Marcos regime, which casts doubt on President Bongbong Marcos Jr.'s competence as a leader."
1,Some of President Bongbong Marcos Jr.'s supporters believe that he is a competent leader and is fulfilling his campaign promises.
0,It's difficult to believe that President Bongbong Marcos Jr. is a competent leader when there are allegations of corruption surrounding him and his family.
0,President Bongbong Marcos Jr.'s competence as a leader cannot be determined solely based on fulfilling campaign promises but also on his ability to effectively govern.
1,There are some who believe that President Bongbong Marcos Jr. is a competent leader because of his previous experience in public service.
0,"Many Filipinos have spoken out against President Bongbong Marcos Jr. and his leadership, which indicates that he may not be as competent as some believe."
1,There are some who believe that President Bongbong Marcos Jr. is a competent leader because of his educational background and professional accomplishments.
0,"There are concerns about President Bongbong Marcos Jr.'s commitment to democracy and human rights, which make it difficult to view him as a competent leader."
0,"Campaign promises can be easily made and broken, and cannot be the sole basis for determining a leader's competence."
1,Some may view President Bongbong Marcos Jr. as a competent leader because of his family's political legacy.
0,President Bongbong Marcos Jr.'s competence as a leader should not be judged solely on his personal traits but also on his policies and actions.
0,President Bongbong Marcos Jr.'s leadership should be evaluated based on the overall impact of his policies on the Filipino people.
1,President Bongbong Marcos Jr.'s supporters may see him as a competent leader because he has delivered on some of his promises.
0,President Bongbong Marcos Jr.'s competence as a leader is not determined by his family's political connections but by his own abilities and achievements.
0,"There are many issues and challenges facing the Philippines that require a competent leader, and it's unclear whether President Bongbong Marcos Jr. is up to the task."
1, President Bongbong Marcos Jr.'s supporters may view him as a competent leader because of his experience in various government positions.
0," President Bongbong Marcos Jr.'s competence as a leader should be determined by his ability to address the needs and concerns of all Filipinos, not just his supporters."
0,"Without specifying the promises made and their implementation, it is difficult to assess his competency as a leader."
0, Competence as a leader cannot be evaluated based solely on the fulfillment of campaign promises.
0,"There may be other factors that contribute to the fulfillment of campaign promises, such as the work of the legislature or the efforts of the private sector."
0,Fulfilling campaign promises does not absolve a leader of any unethical or illegal actions they may have taken in the past.
0,"A leader's competency should be evaluated based on a variety of factors, including their ability to listen to and incorporate feedback from their constituents."
0,The fulfillment of campaign promises does not necessarily reflect a leader's ability to adapt to changing circumstances or unforeseen challenges.
0,"Competent leadership requires a holistic approach to problem-solving, not just a focus on specific campaign promises."
0,A leader's competency should also be evaluated based on their ability to foster positive relationships with other countries and international organizations.
0,"Competent leadership requires a leader to consider the long-term consequences of their actions, not just the fulfillment of short-term campaign promises."
0, It is too early to evaluate his competency as a leader as he has only recently taken office.
0,"While some people may believe that BBM is fulfilling his campaign promises, others may have a different perspective. Evaluating the fulfillment of promises requires a comprehensive assessment of the specific pledges made and the outcomes achieved."
0," It is essential to note that promises made during the campaign period can be influenced by several factors, including political expediency, audience appeal, and other considerations. Therefore, fulfilling campaign promises alone does not necessarily equate to leadership competence."
0,"Leadership competence is a complex and multi-dimensional concept that goes beyond fulfilling campaign promises. It involves effective decision-making, strategic planning, communication skills, and the ability to inspire and motivate followers towards a common goal."
0,"Leadership competence requires more than fulfilling campaign promises. It is a holistic and continuous process that involves consistent performance, adaptability, and resilience in the face of challenges and uncertainties."
0,"Fulfilling campaign promises can be an essential aspect of leadership competence, but it is not sufficient. Competence involves a range of attributes, including vision, innovation, communication, and the ability to inspire and motivate others towards a shared goal."
0,"Leadership competence is a multi-faceted concept that cannot be reduced to a single aspect, such as the fulfillment of campaign promises. Competence involves a range of attributes and skills that enable leaders to navigate complex challenges and achieve desired outcomes."
0,"Leadership competence is a complex and multi-dimensional concept that goes beyond the fulfillment of campaign promises. While the latter can be an important indicator of competence, it is not sufficient to make a definitive judgment."
0,"It is important to consider the broader political, social, and economic context in which leaders operate. Competence requires an understanding of these complex dynamics and the ability to adapt and respond effectively to changing circumstances."
0,"Leadership competence requires a range of skills and abilities, including the ability to listen, empathize, and communicate effectively with diverse stakeholders. The fulfillment of campaign promises may be an important aspect of competence, but it is not sufficient on its own."
0,He is not a competent leader because the country now suffers inflation right after he seated as the president.
1,"He has been fulfilling his promises to the people of the Philippines and in fact, made the situations of the people in the lower-classes better."
0,He is not addressing the complex challenges the country faces.
